,,,Healthy.T2.004,Healthy.T2.010,Healthy.T3.014,Healthy.T3.015,Healthy.T3.017,Healthy.T3.019,Healthy.T2.033,Unhealthy.T2.012,Unhealthy.T3.018,Unhealthy.T3.022,Unhealthy.T3.044,Unhealthy.T3.051,Unhealthy.T3.052,Unhealthy.T3.053,AVEUNHEALTHY
Actinomycetaceae;g,Actinomyces;s,odontolyticus,0.000193498452,0.0001854834773,0.0007030958188,0,0.000360317079,0,0.0004470700942,0.0001556178027,0,0,0.0001828941696,0.0002372998923,0.0004031354983,0,0.0001398496233
Actinomycetaceae;g,Actinomyces;s,oris,0,0,0,0,0,0,0.0003619138858,0,0,0,0,0,0,0,0
Actinomycetaceae;g,NA;s,sp4816,0,0,0,0,0,0,0.0001277343126,0,0,0,0,0,0,0,0
Bifidobacteriaceae;g,Bifidobacterium;s,adolescentis-faecale,0,0.06876555865,0,0,0.001621426856,0.001898469266,0,0,0,0,0,0.01374513992,0,0,0.001963591417
Bifidobacteriaceae;g,Bifidobacterium;s,animalis,0,0,0,0.01546267743,0,0,0,0,0,0,0,0,0,0,0
Bifidobacteriaceae;g,Bifidobacterium;s,bifidum,0,0,0,0,0.02269997598,0,0,0,0,0,0,0,0,0,0
Bifidobacteriaceae;g,Bifidobacterium;s,breve,0,0,0,0,0,0,0,0.001530241726,0,0,0,0,0,0.000327480666,0.0002653889132
Bifidobacteriaceae;g,Bifidobacterium;s,catenulatum-kashiwanohense-pseudocatenulatum,0,0.01503392395,0,0.0002624499705,0.009098006246,0.1335804831,0,0,0.03068797219,0,0.03947901289,0,0,0.0533037761,0.01763868017
Bifidobacteriaceae;g,Bifidobacterium;s,longum,0.1181549923,0.01680089813,0.01160108101,0,0.01336175835,0.0977636929,0.03282771835,0.04571272954,0.009995319917,0.00548895622,0.02576195017,0.001697606922,0,0,0.01266522325
Bifidobacteriaceae;g,Bifidobacterium;s,pseudolongum,0,0,0,0,0,0,0,0,0,0,0,0,0.0002911534155,0,0.00004159334506
Corynebacteriaceae;g,Corynebacterium;s,appendicis,0,0,0.0003076044207,0.0002405791396,0,0,0,0,0,0,0,0,0,0,0
Micrococcaceae;g,Rothia;s,mucilaginosa,0,0.000175721189,0.000263660932,0,0,0,0,0,0,0,0.0002351496466,0,0.0006942889138,0,0.0001327769372
Propionibacteriaceae;g,Propionibacterium;s,acnes,0,0.0002147703422,0,0,0,0,0.0002128905211,0,0,0,0,0,0,0,0
Coriobacteriaceae;g,Adlercreutzia-Asaccharobacter;s,celatus-equolifaciens,0,0.001015277981,0,0,0.001531347586,0,0.0007876949279,0,0,0.0006147630967,0,0.002080937517,0,0,0.0003851000877
Coriobacteriaceae;g,Collinsella;s,aerofaciens,0,0.04011324254,0.01667655395,0,0.03936464088,0.023035757,0,0,0.01470883199,0.01459330494,0.005865677296,0.01708559225,0,0,0.007464772352
Coriobacteriaceae;g,Collinsella;s,intestinalis-stercoris,0,0,0,0,0,0,0.06347330885,0,0,0,0,0,0,0,0
Coriobacteriaceae;g,Collinsella;s,sp10410,0,0,0,0,0.0008407398511,0,0,0,0,0,0,0,0,0,0
Coriobacteriaceae;g,Collinsella;s,sp10422,0,0,0,0,0,0,0,0,0,0,0.0006270657243,0,0,0,0.00008958081776
Coriobacteriaceae;g,Collinsella;s,sp10425,0,0,0,0,0,0.0003139201148,0,0,0,0,0,0,0,0,0
Coriobacteriaceae;g,Collinsella;s,tanakaei,0,0.003367989457,0,0,0.003933461446,0,0,0,0,0,0,0,0,0,0
Coriobacteriaceae;g,Denitrobacterium;s,detoxificans-sp10543,0,0,0,0,0,0,0,0,0,0,0,0.001442053192,0,0,0.0002060075988
Coriobacteriaceae;g,Eggerthella;s,lenta,0,0,0.002197174434,0.008813944842,0.0003302906558,0.005471179144,0.002107616158,0.005939412802,0.002674333088,0.0002049210322,0.001489281095,0,0.002306830907,0.002972516815,0.002226756534
Coriobacteriaceae;g,Eggerthella;s,sinensis,0,0,0,0,0,0,0,0.0003242037556,0,0,0,0,0,0,0.00004631482223
Coriobacteriaceae;g,Enterorhabdus;s,caecimuris,0,0.0003319178015,0,0,0,0,0,0,0,0,0,0,0,0,0
Coriobacteriaceae;g,Enterorhabdus;s,caecimuris-mucosicola,0,0,0,0,0,0,0,0,0,0,0.001241067579,0,0,0,0.0001772953685
Coriobacteriaceae;g,Gordonibacter;s,faecihominis,0.000338622291,0,0,0,0,0,0,0,0,0,0,0,0,0,0
Coriobacteriaceae;g,Gordonibacter;s,pamelaeae,0,0,0,0,0,0,0.0003725584118,0,0,0.0004098420644,0,0.0004380921089,0,0,0.0001211334533
Coriobacteriaceae;g,NA;s,sp10501,0,0.002059842827,0,0,0.001261109777,0,0,0,0,0,0,0,0,0,0
Coriobacteriaceae;g,NA;s,sp10534,0,0,0,0,0,0,0,0,0,0,0.0006923850706,0,0,0,0.00009891215294
Coriobacteriaceae;g,NA;s,sp10540,0,0,0,0,0,0,0,0,0,0,0,0.0002372998923,0,0,0.00003389998461
Coriobacteriaceae;g,NA;s,sp10543,0,0,0,0,0,0,0,0,0,0.001815014857,0,0,0,0,0.0002592878367
Coriobacteriaceae;g,Olsenella;s,uli,0,0,0,0,0,0,0.0001277343126,0,0,0,0,0,0,0,0
Bacteroidaceae;g,Bacteroides;s,acidifaciens,0,0,0.0003954913981,0,0,0,0.001277343126,0,0,0,0,0,0,0,0
Bacteroidaceae;g,Bacteroides;s,caccae,0,0.0009859911163,0,0.01224766529,0.002161902474,0.002780435303,0.008803023045,0,0,0.002854257234,0.00158072818,0.001679353084,0.003023516237,0.001536640048,0.001524927826
Bacteroidaceae;g,Bacteroides;s,cellulosilyticus,0,0,0,0,0,0,0,0,0,0,0.003461925353,0,0,0,0.0004945607647
Bacteroidaceae;g,Bacteroides;s,clarus,0,0,0,0,0,0.003632504186,0,0,0,0,0,0,0,0,0
Bacteroidaceae;g,Bacteroides;s,coprocola,0,0.01475081759,0.1525717927,0,0,0,0,0,0,0.004493625492,0,0.005019805414,0,0,0.001359061558
Bacteroidaceae;g,Bacteroides;s,coprophilus,0,0.02413237663,0,0,0,0,0,0,0,0,0,0,0,0,0
Bacteroidaceae;g,Bacteroides;s,dorei,0,0,0.06207017775,0,0,0.07096089452,0.008824312098,0.05965349103,0.1285017049,0.0003512931981,0.04346349302,0.004745997846,0.08329227324,0.0011083961,0.04587380704
Bacteroidaceae;g,Bacteroides;s,eggerthii,0,0.0008590813687,0,0,0,0,0,0,0,0,0.02945902517,0.0008031688663,0,0,0.004323170577
Bacteroidaceae;g,Bacteroides;s,faecis,0,0,0,0,0,0,0,0,0.000501437454,0,0,0.0005293612982,0,0,0.0001472569646
Bacteroidaceae;g,Bacteroides;s,faecis-finegoldii-thetaiotaomicron,0,0.0003514423781,0,0,0,0,0,0,0,0,0,0,0,0,0
Bacteroidaceae;g,Bacteroides;s,finegoldii,0,0,0,0,0,0,0,0,0,0,0,0,0,0.01901906945,0.002717009922
Bacteroidaceae;g,Bacteroides;s,fragilis,0,0,0.01083206996,0,0,0.002645898111,0.002799510352,0,0.002607474761,0,0,0,0,0,0.0003724963944
Bacteroidaceae;g,Bacteroides;s,fragilis-ovatus,0,0,0.01041460682,0.002208953918,0,0.02137646496,0.005226462292,0,0.002707762252,0,0.002364560335,0.0005293612982,0.004815229563,0.006650376603,0.002438184293
Bacteroidaceae;g,Bacteroides;s,intestinalis,0,0,0.01414980335,0,0,0,0,0.01219006121,0,0,0,0,0.0003359462486,0,0.001789429637
Bacteroidaceae;g,Bacteroides;s,massiliensis,0,0,0,0,0,0,0,0,0,0.003498294764,0.004872823233,0.009437234178,0.0633818589,0.03660226214,0.01682749617
Bacteroidaceae;g,Bacteroides;s,nordii,0,0,0,0,0,0,0,0,0,0,0.0003919160777,0,0,0.0004534347684,0.0001207644066
Bacteroidaceae;g,Bacteroides;s,ovatus,0,0.001142187729,0.00182365478,0.005380224395,0,0.007459339871,0,0,0.002774620579,0.001331986709,0.0007054489399,0.00111348411,0.001254199328,0,0.001025677095
Bacteroidaceae;g,Bacteroides;s,ovatus-sp12288-thetaiotaomicron,0,0,0,0,0,0.006891293949,0,0,0,0,0.0008099598939,0,0,0,0.0001157085563
Bacteroidaceae;g,Bacteroides;s,plebeius,0,0.1397276322,0,0,0,0,0,0,0,0.01359797421,0.003187584099,0.03145136265,0,0,0.006890988708
Bacteroidaceae;g,Bacteroides;s,salyersiae,0,0,0,0.0004374166175,0,0,0,0.0009337068161,0,0.0005123025805,0,0,0,0,0.0002065727709
Bacteroidaceae;g,Bacteroides;s,sp12221,0,0,0,0,0,0,0,0,0,0.001331986709,0,0,0,0,0.0001902838156
Bacteroidaceae;g,Bacteroides;s,sp12248-sp12313,0,0,0,0,0.002131876051,0,0,0,0,0,0,0,0,0,0
Bacteroidaceae;g,Bacteroides;s,sp12275,0,0,0,0,0.02257987029,0,0,0,0,0,0,0,0,0,0
Bacteroidaceae;g,Bacteroides;s,sp12288-thetaiotaomicron,0,0.0002147703422,0.003471535605,0,0,0,0.00167119059,0.04682799046,0.00956074079,0.000497665364,0.001188812102,0,0.001970884658,0.002594654508,0.008948678268
Bacteroidaceae;g,Bacteroides;s,sp12293,0,0,0,0,0,0,0.0003193357816,0,0,0,0,0,0,0,0
Bacteroidaceae;g,Bacteroides;s,stercoris,0,0,0,0,0.0009608455441,0.01321454198,0.0988770025,0,0,0.0006879491796,0,0.007392804337,0.05285554311,0.1308411215,0.02739677402
Bacteroidaceae;g,Bacteroides;s,thetaiotaomicron,0,0,0,0.001159154036,0.0003302906558,0,0,0,0,0,0,0,0,0,0
Bacteroidaceae;g,Bacteroides;s,uniformis,0,0.006325962806,0.007646167029,0.01528771078,0.001801585395,0.01518775413,0.009452339135,0.09710550887,0.02848164739,0.001771103207,0.006231465635,0.01657448479,0.007614781635,0.0171045671,0.02498336552
Bacteroidaceae;g,Bacteroides;s,vulgatus,0,0.008102699273,0,0.01782472716,0.0321582993,0,0.1836925861,0,0,0.006542835814,0.01762315963,0.03941003596,0,0.03007783964,0.01337912443
Bacteroidaceae;g,Bacteroides;s,xylanisolvens,0,0.001327671206,0.0003954913981,0.005445836887,0.0009608455441,0.0001793829227,0.0003832029379,0.01994501504,0.005616099485,0,0.0077338106,0.0004745997846,0.003045912654,0,0.005259348224
NA;g,NA;s,sp12662,0,0,0,0,0.003633197214,0,0,0,0,0,0,0,0,0,0
Porphyromonadaceae;g,Barnesiella;s,intestinihominis,0,0,0,0,0,0,0,0,0,0,0,0.00282934487,0,0,0.0004041921243
Porphyromonadaceae;g,Barnesiella;s,sp13054,0,0.001269097476,0,0,0,0,0.002171483315,0,0,0,0,0,0,0,0
Porphyromonadaceae;g,Barnesiella;s,sp13055,0,0,0,0,0,0,0,0,0,0.001697917124,0,0,0,0,0.0002425595892
Porphyromonadaceae;g,Butyricimonas;s,paravirosa,0,0,0,0,0,0,0.0001170897866,0.003138292354,0,0,0.0006270657243,0.00334045233,0,0,0.001015115773
Porphyromonadaceae;g,Butyricimonas;s,sp13062,0,0,0,0,0,0,0,0,0,0,0.0004311076855,0.0004563459467,0,0,0.0001267790903
Porphyromonadaceae;g,Butyricimonas;s,virosa,0,0,0,0,0,0,0.0008622066103,0,0,0.0001902838156,0,0.00470949017,0,0,0.0006999677123
Porphyromonadaceae;g,Coprobacter;s,fastidiosus,0,0.0003514423781,0.0003295761651,0,0.0004203699255,0,0.000617382511,0,0,0,0,0,0,0.00108320528,0.0001547436114
Porphyromonadaceae;g,Dysgonomonas;s,capnocytophagoides,0.000193498452,0,0,0,0,0,0,0,0,0,0,0,0,0,0
Porphyromonadaceae;g,Odoribacter;s,sp13171,0,0.0001561966125,0.00116450245,0.0006998665879,0.0008407398511,0,0.0006599606153,0,0.00130373738,0.0003805676313,0,0.002281729734,0.0002911534155,0,0.0006081697373
Porphyromonadaceae;g,Parabacteroides;s,distasonis,0,0.000732171621,0,0.00450539116,0.0005404756185,0.0141712509,0.005918356485,0,0.005148091195,0.0006440375298,0.0008622153709,0.001058722596,0.007816349384,0.006851903166,0.00319733132
Porphyromonadaceae;g,Parabacteroides;s,goldsteinii,0,0,0.003581394327,0,0,0,0.0002341795732,0,0,0,0.0001437025618,0,0,0,0.0000205289374
Porphyromonadaceae;g,Parabacteroides;s,gordonii,0,0,0,0,0,0,0.0003086912555,0,0,0,0,0,0,0,0
Porphyromonadaceae;g,Parabacteroides;s,merdae,0,0.0009371796749,0,0.00426481202,0.002732404516,0,0,0.01829805996,0,0.001507633308,0,0.002847598708,0.002777155655,0.002317555483,0.003964000446
Porphyromonadaceae;g,Parabacteroides;s,sp13269,0,0,0,0,0.002221955321,0,0,0,0,0,0,0,0,0,0
Prevotellaceae;g,NA;s,sp13927,0,0,0,0,0,0,0,0,0,0.01573500783,0,0,0,0,0.002247858262
Prevotellaceae;g,NA;s,sp13940,0,0,0,0,0,0,0,0,0,0.00184428929,0,0,0,0,0.0002634698986
Prevotellaceae;g,NA;s,sp13942,0,0,0,0,0,0,0,0,0,0.06173977956,0,0,0,0,0.008819968509
Prevotellaceae;g,NA;s,sp14135,0,0,0,0,0,0,0,0,0,0.002180945271,0,0,0,0,0.0003115636102
Prevotellaceae;g,NA;s,sp14157,0,0,0,0,0.001711506125,0,0,0,0,0,0,0,0,0,0
Prevotellaceae;g,Paraprevotella;s,clara,0,0.0002245326304,0,0,0,0,0,0,0,0,0,0.002190460544,0,0,0.0003129229349
Prevotellaceae;g,Paraprevotella;s,sp13528,0,0.001571728413,0,0,0,0,0,0.008377425044,0,0,0,0,0,0,0.001196775006
Prevotellaceae;g,Prevotella;s,bivia,0,0,0,0,0,0,0,0.0003371719058,0,0,0,0,0,0,0.00004816741511
Prevotellaceae;g,Prevotella;s,copri,0.0001572174923,0,0,0,0.1131095364,0,0,0,0,0.2164112472,0,0,0,0,0.03091589246
Prevotellaceae;g,Prevotella;s,copri-sp13942,0,0,0,0,0.08608575546,0,0,0,0,0.02403430964,0,0,0,0,0.003433472805
Prevotellaceae;g,Prevotella;s,disiens,0,0,0,0,0,0,0,0.0001945222533,0,0,0,0,0,0,0.00002778889334
Rikenellaceae;g,Alistipes;s,finegoldii,0,0,0,0,0,0,0,0,0,0,0,0,0,0.0004786255888,0.00006837508412
Rikenellaceae;g,Alistipes;s,indistinctus,0,0,0,0,0,0,0.0002554686253,0,0,0,0,0,0,0,0
Rikenellaceae;g,Alistipes;s,onderdonkii,0,0,0.001252389427,0,0,0,0.001628612486,0,0,0,0.01643434753,0,0,0,0.002347763932
Rikenellaceae;g,Alistipes;s,putredinis,0,0.001923170791,0,0,0.01264112419,0,0,0.0002723311547,0,0.003542206414,0.005134100618,0.00865231915,0,0,0.002514422477
Rikenellaceae;g,Alistipes;s,senegalensis,0,0,0,0,0,0,0.0001277343126,0,0,0,0.0009797901943,0,0,0,0.0001399700278
Rikenellaceae;g,Alistipes;s,shahii,0,0.000244057207,0,0.0006342540953,0.000600528465,0,0,0,0,0.000497665364,0.002064091343,0.002117445193,0.0005599104143,0,0.0007484446162
Rikenellaceae;g,Alistipes;s,timonensis,0.005647736068,0,0.0004174631424,0,0,0,0,0,0,0,0,0.0008031688663,0,0,0.0001147384095
NA;g,NA;s,NA,0,0,0,0,0,0.0001644343459,0,0,0,0,0,0,0,0,0
Bacillaceae;g,Bacillus;s,mojavensis-subtilis-tequilensis,0,0,0,0.0002405791396,0,0,0,0,0,0,0,0,0,0,0
Bacillaceae;g,Bacillus;s,NA,0,0,0,0,0,0,0,0.0003890445067,0,0,0.0003135328622,0,0,0,0.0001003681956
FamilyXI;g,Gemella;s,sanguinis,0,0,0,0,0,0,0.0001490233647,0,0,0,0,0,0,0,0
Staphylococcaceae;g,Staphylococcus;s,capitis-caprae-epidermidis,0.000145123839,0,0,0,0,0,0,0,0,0.0002341954654,0,0,0,0,0.00003345649506
Staphylococcaceae;g,Staphylococcus;s,epidermidis-hominis,0,0,0,0,0,0,0,0.0001685859529,0,0,0.0002351496466,0,0,0,0.00005767651422
Carnobacteriaceae;g,Granulicatella;s,adiacens,0,0,0.0002416891877,0,0.0003302906558,0,0.0002661131513,0.0001945222533,0,0,0.0002612773851,0,0,0,0.00006511423407
Enterococcaceae;g,Enterococcus;s,asini,0,0,0,0.0005686416027,0,0,0,0,0,0,0,0,0,0,0
Enterococcaceae;g,Enterococcus;s,faecalis,0.0009674922601,0,0,0,0,0,0.0001703124168,0,0,0,0,0,0,0,0
Enterococcaceae;g,Enterococcus;s,gallinarum-saccharolyticus,0,0,0,0,0,0,0,0,0.0006017249448,0,0,0,0,0,0.00008596070641
Enterococcaceae;g,Enterococcus;s,NA,0.00141495743,0,0,0,0,0,0,0,0,0,0,0,0,0,0
Lactobacillaceae;g,Lactobacillus;s,casei,0.002624322755,0,0,0,0,0,0,0,0,0,0,0,0,0,0
Lactobacillaceae;g,Lactobacillus;s,casei-paracasei,0.008042279412,0,0,0,0,0,0.0006280270371,0,0,0,0,0,0,0,0
Lactobacillaceae;g,Lactobacillus;s,gasseri,0,0,0,0,0,0,0.0005854489329,0,0,0,0,0,0,0,0
Lactobacillaceae;g,Lactobacillus;s,oris,0,0,0,0,0,0,0.0001277343126,0,0,0,0,0,0,0,0
Lactobacillaceae;g,Lactobacillus;s,sakei,0.0002660603715,0,0,0,0,0,0,0,0,0,0,0,0,0,0
Lactobacillaceae;g,Lactobacillus;s,salivarius,0,0.00346561234,0,0,0,0,0.0002448240992,0,0,0.0001902838156,0,0,0,0,0.00002718340223
Leuconostocaceae;g,Leuconostoc;s,lactis,0.001294020898,0,0,0,0,0,0,0,0,0,0,0,0,0,0
Leuconostocaceae;g,Leuconostoc;s,mesenteroides,0,0,0.0003076044207,0,0,0,0,0,0,0,0,0,0,0,0
Leuconostocaceae;g,Weissella;s,cibaria-confusa,0.0007498065015,0.0003807292429,0,0,0,0,0,0,0,0,0,0,0,0,0
Streptococcaceae;g,Lactococcus;s,formosensis-garvieae,0.01035216718,0,0,0,0,0,0,0,0,0,0,0,0,0,0
Streptococcaceae;g,Lactococcus;s,lactis,0.0009070239938,0,0,0,0,0,0,0,0,0,0,0,0,0,0
Streptococcaceae;g,Streptococcus;s,agalactiae,0,0,0,0.0002405791396,0,0,0,0,0,0,0,0,0,0,0
Streptococcaceae;g,Streptococcus;s,anginosus,0.0001572174923,0.0002245326304,0,0,0.000360317079,0,0.0002341795732,0,0,0,0,0,0,0,0
Streptococcaceae;g,Streptococcus;s,australis-parasanguinis,0,0,0,0,0,0,0.000415136516,0,0,0,0,0,0,0,0
Streptococcaceae;g,Streptococcus;s,australis-rubneri,0,0,0,0,0,0,0,0,0,0,0,0,0.0002911534155,0,0.00004159334506
Streptococcaceae;g,Streptococcus;s,cristatus,0,0,0,0,0.0006605813116,0,0,0,0,0,0,0,0,0,0
Streptococcaceae;g,Streptococcus;s,equinus,0,0,0,0,0,0.0002391772303,0,0,0,0,0,0,0,0,0
Streptococcaceae;g,Streptococcus;s,equinus-infantarius-lutetiensis,0,0,0,0,0,0.043350873,0,0,0,0,0,0,0,0,0
Streptococcaceae;g,Streptococcus;s,gordonii,0,0,0,0,0,0,0,0,0,0,0.0003004689929,0,0,0,0.00004292414184
Streptococcaceae;g,Streptococcus;s,infantis-sanguinis,0,0,0.0002856326764,0,0,0,0,0,0,0,0,0,0,0,0
Streptococcaceae;g,Streptococcus;s,mitis-oralis-sanguinis,0.000145123839,0,0,0,0.0004203699255,0,0.0005854489329,0,0,0,0.0007577044169,0,0.0003807390817,0,0.0001626347855
Streptococcaceae;g,Streptococcus;s,mutans,0.0003507159443,0,0,0,0,0,0.0009047847145,0,0,0,0,0,0,0,0
Streptococcaceae;g,Streptococcus;s,NA,0,0,0,0,0,0,0,0,0,0,0,0,0,0.009799229161,0.00139988988
Streptococcaceae;g,Streptococcus;s,oralis-parasanguinis,0.0002297794118,0,0.0008129545405,0,0,0.0002391772303,0,0,0,0,0.001032045671,0.0002920614059,0,0,0.0001891581539
Streptococcaceae;g,Streptococcus;s,parasanguinis,0.0005684017028,0.0003904915312,0.006459692835,0,0,0.0002541258072,0.002948533717,0.0004927897085,0,0,0.003357414399,0,0,0.0004282439479,0.0006112068651
Streptococcaceae;g,Streptococcus;s,salivarius-thermophilus,0,0,0,0.002318308073,0,0,0.0005641598808,0,0,0,0.001018981802,0,0,0,0.0001455688289
Streptococcaceae;g,Streptococcus;s,salivarius-vestibularis,0.004256965944,0.004353980573,0.02493792982,0,0.003543117944,0.002571155226,0.007270211294,0.0009337068161,0.006351541084,0.0003512931981,0.01405672332,0.001861891463,0.004815229563,0.002745799431,0.004445169268
Streptococcaceae;g,Streptococcus;s,sanguinis,0,0.0001171474594,0,0,0,0,0,0,0,0,0,0,0,0,0
Streptococcaceae;g,Streptococcus;s,sobrinus,0,0,0,0,0,0.0003139201148,0,0,0,0,0,0,0,0,0
Christensenellaceae;g,NA;s,sp30156,0,0,0,0,0,0,0,0,0,0,0.0003527244699,0,0,0,0.00005038920999
Christensenellaceae;g,NA;s,sp30221,0,0,0,0,0,0,0,0,0,0,0.0002090219081,0.0002372998923,0,0,0.0000637602572
Christensenellaceae;g,NA;s,sp30239,0,0,0,0,0,0,0,0,0,0,0,0.0002007922166,0,0,0.00002868460237
Christensenellaceae;g,NA;s,sp30266,0,0.0001073851711,0,0,0,0,0,0,0,0,0,0,0,0,0
Christensenellaceae;g,NA;s,sp30326,0,0,0,0,0,0,0,0,0,0,0.0006531934628,0,0,0,0.00009331335183
Christensenellaceae;g,NA;s,sp30337,0,0,0,0,0,0,0,0,0,0,0.0003527244699,0,0,0,0.00005038920999
Christensenellaceae;g,NA;s,sp30349,0,0,0,0,0,0,0,0,0,0,0,0.0002190460544,0,0,0.00003129229349
Christensenellaceae;g,NA;s,sp30398,0,0.001230048323,0,0,0.0008407398511,0,0,0,0,0.002049210322,0.003017753798,0.003376960006,0,0,0.001206274875
Christensenellaceae;g,NA;s,sp30399,0,0.001806023332,0,0.001618441485,0,0,0,0,0,0,0,0.01365387073,0,0,0.001950552961
Christensenellaceae;g,NA;s,sp30431,0,0,0,0,0,0,0,0,0,0,0.0002743412544,0,0,0,0.00003919160777
Christensenellaceae;g,NA;s,sp30434,0,0,0,0,0,0,0,0,0,0,0.0004441715547,0.01310625559,0,0,0.001935775306
Christensenellaceae;g,NA;s,sp30444,0,0,0,0,0,0,0,0,0,0,0.0002743412544,0,0,0,0.00003919160777
Clostridiaceae;g,Clostridium;s,butyricum,0.0002055921053,0,0,0,0,0,0,0,0,0,0,0,0,0,0
Clostridiaceae;g,Clostridium;s,celatum,0,0.0004100161078,0,0,0,0,0,0.0004798215583,0,0,0.001071237279,0.0006206304876,0,0.02566944605,0.003977305054
Clostridiaceae;g,Clostridium;s,paraputrificum,0,0,0,0,0,0,0.0002128905211,0,0,0,0,0,0,0,0
Clostridiaceae;g,Clostridium;s,perfringens,0,0.0002245326304,0,0,0,0,0,0,0,0,0,0,0,0,0
Defluviitaleaceae;g,NA;s,sp31146,0,0,0,0,0,0,0,0,0,0,0,0.000419838271,0,0,0.00005997689586
Eubacteriaceae;g,Eubacterium;s,limosum,0,0,0.0003954913981,0,0,0,0,0,0,0,0,0,0,0,0
FamilyXI;g,Tissierella;s,praeacuta,0,0,0,0,0,0,0,0.0002593630045,0,0,0,0,0,0,0.00003705185778
FamilyXIII;g,Eubacterium;s,sp31674,0,0,0,0,0,0,0,0,0,0,0.000404979947,0,0,0,0.00005785427814
FamilyXIII;g,NA;s,sp31520-sp31530-sp31546,0,0,0,0,0,0,0,0,0,0,0,0.0003468229195,0,0,0.00004954613136
FamilyXIII;g,NA;s,sp31533,0,0.0001561966125,0.0002856326764,0,0.0004503963488,0,0,0,0,0,0.0008622153709,0.0003468229195,0,0,0.0001727197558
FamilyXIII;g,NA;s,sp31552,0,0,0,0,0.000480422772,0,0,0,0,0,0.0006270657243,0.0004380921089,0,0,0.0001521654047
FamilyXIII;g,NA;s,sp31561,0,0,0,0,0,0,0,0,0,0,0.0002090219081,0.0002555537302,0,0,0.00006636794833
FamilyXIII;g,NA;s,sp31562,0,0,0,0,0.000360317079,0,0,0,0,0.0002781071152,0,0,0,0,0.00003972958788
FamilyXIII;g,NA;s,sp31622,0,0,0,0,0,0,0.0002128905211,0,0,0,0,0,0,0,0
FamilyXIII;g,NA;s,sp31629,0,0,0,0,0,0,0.0001703124168,0,0,0,0,0,0,0,0
Lachnospiraceae;g,Anaerostipes;s,caccae,0.03742985681,0,0,0,0,0,0.0003406248337,0.008416329495,0,0,0,0,0.0007166853303,0.0009068695367,0.001434269195
Lachnospiraceae;g,Anaerostipes;s,hadrus,0,0.006013569581,0.02632214972,0.03560571266,0.00480422772,0.03849258551,0.05172175209,0,0.02844821823,0.01705235732,0.01103896952,0.006115035686,0.04147816349,0,0.01487610632
Lachnospiraceae;g,Blautia-Lachnoclostridium;s,sp31973-sp32345,0,0,0,0,0,0.001031451806,0.001138964288,0,0,0,0,0,0,0,0
Lachnospiraceae;g,Blautia-Lachnoclostridium;s,sp32052-sp32410,0,0.004051349636,0,0.002121470595,0,0,0.0004790036724,0,0.002808049743,0.00360075528,0.002573582244,0.002865852546,0,0,0.001692605687
Lachnospiraceae;g,Blautia;s,coccoides-producta,0.04568982198,0,0,0,0,0,0.00121347597,0,0,0,0,0,0,0,0
Lachnospiraceae;g,Blautia;s,hansenii-producta,0.116316757,0.0008395567921,0.02452046668,0.0006561249262,0,0.0005232001913,0,0.01060794688,0.000668583272,0.007142961694,0.001776686219,0.000419838271,0.00470324748,0.01274655516,0.005437974139
Lachnospiraceae;g,Blautia;s,hydrogenotrophica,0,0,0,0,0,0,0,0,0,0,0.0004964270318,0,0,0,0.00007091814739
Lachnospiraceae;g,Blautia;s,sp31989,0,0,0.001384219893,0,0,0,0,0,0,0,0,0,0,0,0
Lachnospiraceae;g,Blautia;s,sp32002,0,0.003524186069,0,0,0.001891664665,0,0.0001596678908,0,0,0.003264099299,0.002312304858,0.0002372998923,0,0,0.0008305291499
Lachnospiraceae;g,Blautia;s,sp32002-sp32056,0,0,0,0,0,0,0,0,0.0004345791268,0,0,0,0,0,0.0000620827324
Lachnospiraceae;g,Blautia;s,sp32009,0,0.005271635671,0,0.03744286245,0.07047201537,0.01677230328,0.005950290063,0,0.01477569031,0.0216191689,0.1173658014,0.05180439187,0,0,0.02936643607
Lachnospiraceae;g,Blautia;s,sp32020,0,0,0,0,0,0.002720640995,0.0007557613497,0,0,0.002180945271,0,0.0009309457313,0,0,0.0004445558575
Lachnospiraceae;g,Blautia;s,sp32046,0,0,0,0.003696170418,0,0.0008819660368,0,0,0.009727886608,0,0,0,0.005509518477,0,0.002176772155
Lachnospiraceae;g,Blautia;s,sp32048,0,0.006384536535,0.003185902929,0.02902259257,0.006215469613,0.002571155226,0.007983394539,0,0.01123219897,0.01137311729,0.00755091643,0.02232444371,0,0,0.007497239486
Lachnospiraceae;g,Blautia;s,sp32054-wexlerae,0,0.0002928686484,0,0,0.001261109777,0,0,0,0,0.0006879491796,0,0.003358706168,0,0,0.0005780936211
Lachnospiraceae;g,Blautia;s,sp32056,0,0.04207546249,0.04756882649,0.01163528202,0.002041796781,0.001091246113,0.001394432913,0,0,0.04913713608,0.01131331078,0.01693956154,0.02277715566,0,0.01430959487
Lachnospiraceae;g,Blautia;s,wexlerae,0,0.04535559135,0.05719245051,0.1078013254,0.02714388662,0.03826835685,0.02932566927,0.1738121174,0.2076619643,0.04953234093,0.0477223144,0.05563769783,0.1858230683,0.1681487266,0.1269054614
Lachnospiraceae;g,Coprococcus;s,comes-sp32193,0,0.004773758969,0,0,0.003573144367,0,0.005811911225,0,0.03881125894,0.00853349727,0.004088991077,0.01465783181,0,0,0.009441654157
Lachnospiraceae;g,Coprococcus;s,eutactus,0,0.001044564846,0,0,0,0,0,0,0,0,0,0.014749101,0,0,0.002107014428
Lachnospiraceae;g,Coprococcus;s,sp32199,0,0.002674866989,0,0,0,0,0,0,0,0,0,0,0,0,0
Lachnospiraceae;g,Dorea;s,formicigenerans,0,0.00465661151,0.007382506097,0.005577061873,0.01366202258,0.007519134178,0.01225184949,0,0,0.003703215796,0.005669719257,0.002811091032,0,0,0.001740575155
Lachnospiraceae;g,Dorea;s,longicatena,0,0.01006491922,0,0.01209456947,0.02690367523,0,0.03740486455,0,0.01437454035,0.01762320877,0.02688544293,0.01206578683,0,0,0.01013556841
Lachnospiraceae;g,Eisenbergiella;s,sp32221,0.001729392415,0,0,0,0,0,0,0,0,0,0,0.000273807568,0,0,0.00003911536686
Lachnospiraceae;g,Eubacterium;s,hallii,0,0.01022111583,0,0.008048465761,0.004083593562,0.003348481225,0.006216403215,0,0.003610349669,0.001624731041,0.008687473056,0.008232480879,0,0.03718165101,0.008476669379
Lachnospiraceae;g,Eubacterium;s,rectale,0,0.05908136867,0.04240546657,0.05084968178,0.002342061014,0,0.03043269998,0,0.02533930601,0.01204642925,0.05740264151,0.0224157129,0,0,0.01674344138
Lachnospiraceae;g,Fusicatenibacter;s,saccharivorans,0,0.03785815395,0,0.0867834569,0.01735527264,0.07758311409,0.03553142796,0,0.06749348131,0.01674497578,0.05148470874,0.02946169432,0,0,0.02359783716
Lachnospiraceae;g,Hungatella;s,effluvii,0.006143575851,0,0.0006371805858,0,0,0,0,0.0008818342152,0,0,0,0,0,0,0.0001259763165
Lachnospiraceae;g,Hungatella;s,effluvii-sp32252,0,0,0.0003954913981,0,0,0,0,0,0,0,0,0,0,0.0005793888707,0.00008276983867
Lachnospiraceae;g,Hungatella;s,sp32252,0.001052147833,0,0,0,0,0,0,0,0,0,0,0,0,0,0
Lachnospiraceae;g,Lachnoclostridium-Roseburia;s,sp32368-sp33144,0,0.00119099917,0,0.004199199528,0,0,0,0,0,0.0009514190781,0,0,0,0.008086253369,0.001291096064
Lachnospiraceae;g,Lachnoclostridium;s,sp32336,0,0,0,0,0,0,0,0.0003760763565,0,0,0,0,0,0,0.00005372519378
Lachnospiraceae;g,Lachnoclostridium;s,sp32341-sp32430,0.2602675116,0,0.03831872212,0.01266321108,0.0003903435023,0.02423164315,0.1024748523,0.09097157381,0.03744066323,0,0.0002090219081,0,0.0477043673,0.04660301786,0.03184694916
Lachnospiraceae;g,Lachnoclostridium;s,sp32343-sp32393-sp32423,0,0.00403182506,0,0.003411849616,0.002282008167,0,0.00612060248,0,0,0.001990661456,0.001632983657,0.001314276327,0.001052631579,0.02808776482,0.00486833112
Lachnospiraceae;g,Lachnoclostridium;s,sp32345,0.1272131385,0,0.004833783754,0.0006342540953,0,0.003662401339,0.00525839587,0,0,0,0,0,0.04696528555,0.007783963524,0.007821321297
Lachnospiraceae;g,Lachnoclostridium;s,sp32350-sp32362-sp32432,0.01219040248,0,0,0,0,0,0,0,0,0,0,0,0,0,0
Lachnospiraceae;g,Lachnoclostridium;s,sp32353-sp32360,0,0.0006443110265,0,0.0003718041248,0.001171030507,0,0,0,0,0.000497665364,0.0001567664311,0.0002372998923,0.006203807391,0.0004534347684,0.001078424835
Lachnospiraceae;g,Lachnoclostridium;s,sp32361,0,0,0,0.0004811582792,0,0,0,0,0,0,0,0,0,0,0
Lachnospiraceae;g,Lachnoclostridium;s,sp32362,0,0,0,0,0,0,0,0.01391482519,0,0,0,0,0,0,0.00198783217
Lachnospiraceae;g,Lachnoclostridium;s,sp32364,0,0,0.004789840265,0.00376178291,0.001351189046,0,0,0,0,0,0,0,0,0.002040456458,0.0002914937797
Lachnospiraceae;g,Lachnoclostridium;s,sp32365,0,0,0,0,0,0.006726859603,0,0,0,0,0,0,0,0.0003526714865,0.00005038164093
Lachnospiraceae;g,Lachnoclostridium;s,sp32371-sp32374,0,0,0.0006152088414,0,0,0,0,0,0,0,0,0,0,0,0
Lachnospiraceae;g,Lachnoclostridium;s,sp32380-sp32437,0,0.003729194123,0.01300727265,0.008573365702,0.02564256546,0.06725364745,0,0,0,0.01703772011,0.005512952826,0.002446014275,0,0,0.003570955315
Lachnospiraceae;g,Lachnoclostridium;s,sp32385,0,0,0,0,0,0,0,0,0,0,0,0,0.0004255319149,0,0.00006079027356
Lachnospiraceae;g,Lachnoclostridium;s,sp32399,0,0,0,0,0,0,0.0001383788387,0,0,0,0,0,0,0,0
Lachnospiraceae;g,Lachnoclostridium;s,sp32400,0,0.003084883097,0.007646167029,0.003871137065,0.006485707423,0,0.004193943265,0,0,0.003995960128,0.001881197173,0.001241260975,0,0.005667934605,0.00182662184
Lachnospiraceae;g,Lachnoclostridium;s,sp32405-sp32840-sp32841,0,0,0,0,0.0009308191208,0,0,0,0,0,0,0,0,0,0
Lachnospiraceae;g,Lachnoclostridium;s,sp32408,0,0.0003514423781,0,0,0.0008707662743,0,0,0,0,0.0003805676313,0,0.001332530164,0,0,0.0002447282565
Lachnospiraceae;g,Lachnoclostridium;s,sp32417,0.004087654799,0,0.001032671984,0,0,0,0.0008941401884,0.003255005706,0.001036304072,0,0,0,0.0003807390817,0.000377862307,0.0007214158809
Lachnospiraceae;g,Lachnoclostridium;s,sp32422-sp32431,0,0,0,0,0,0,0.0001916014689,0.00232129889,0,0,0,0,0,0,0.0003316141271
Lachnospiraceae;g,Lachnoclostridium;s,sp32424,0,0,0,0.0005248999409,0,0.001390217651,0,0.00758636788,0,0,0,0,0.003762597984,0,0.001621280838
Lachnospiraceae;g,Lachnoclostridium;s,sp32428,0,0.004148972519,0.008788697735,0,0,0,0,0,0,0.01664251526,0.01416123427,0.01306974791,0,0.02171448724,0.009369712098
Lachnospiraceae;g,Lachnoclostridium;s,sp32431,0.04691128096,0,0.002131259201,0.0002624499705,0,0.0005381487682,0.001256054074,0.01397966594,0.001938891489,0,0.0002874051237,0,0.004098544233,0.003123661738,0.003346881218
Lachnospiraceae;g,Lachnoclostridium;s,sp32432,0,0,0,0,0,0,0.0006918941934,0,0.000668583272,0,0,0.001277768651,0.0007390817469,0,0.0003836333814
Lachnospiraceae;g,Lachnoclostridium;s,sp32433,0.003555534056,0,0,0,0,0,0.0002661131513,0.00350140056,0,0,0,0,0,0,0.00050020008
Lachnospiraceae;g,Lachnoclostridium;s,sp32435,0,0,0.002241117922,0,0,0,0,0,0,0,0,0,0,0,0
Lachnospiraceae;g,Lachnoclostridium;s,sp32436,0,0,0,0,0,0,0,0,0,0,0,0.0002555537302,0,0,0.00003650767574
Lachnospiraceae;g,Lachnoclostridium;s,sp32440,0.0001814047988,0,0,0,0,0,0,0.0001426496525,0,0,0,0,0,0,0.00002037852178
Lachnospiraceae;g,Lachnoclostridium;s,sp32441,0,0,0,0,0,0,0,0.004953833385,0,0,0,0,0,0,0.0007076904836
Lachnospiraceae;g,Lachnoclostridium;s,sp32444,0.006603134675,0,0.001845626524,0.0006342540953,0,0,0.004630368833,0,0,0,0,0,0,0.000377862307,0.00005398032957
Lachnospiraceae;g,Lachnoclostridium;s,sp32445,0,0.0002050080539,0.003735196537,0,0.001531347586,0,0.01236893927,0,0.001069733235,0.0001610093825,0.0004964270318,0.000693645839,0.001858902576,0.000377862307,0.0006653686244
Lachnospiraceae;g,Lachnospira;s,sp32450,0,0.0006150241617,0,0,0,0,0,0,0,0,0,0.004946790063,0,0,0.0007066842947
Lachnospiraceae;g,Lachnospira;s,sp32452,0,0.005681651779,0.04051589656,0.01095728627,0,0,0,0,0,0.0007611352625,0,0.003577752222,0.02781634938,0,0.004593605267
Lachnospiraceae;g,Lachnospira;s,sp32454,0,0.0002928686484,0,0,0.003723276483,0.03433688113,0,0,0.01811860667,0.0009367818616,0.002246985512,0.0006571381633,0.01442329227,0,0.005197543498
Lachnospiraceae;g,Lactonifactor;s,longoviformis,0,0,0,0,0,0,0,0,0,0,0.000561746378,0,0,0,0.00008024948258
Lachnospiraceae;g,Marvinbryantia;s,sp32992,0,0.001112900864,0,0,0.0007806870046,0,0,0,0,0.001551544958,0.001972644258,0.001314276327,0,0,0.0006912093632
Lachnospiraceae;g,Marvinbryantia;s,sp32993,0,0.0007614584859,0,0,0,0,0.0002874022034,0,0,0.0009660562947,0.0004180438162,0.0006023766497,0,0,0.0002837823944
Lachnospiraceae;g,NA;s,NA,0,0.0006345487382,0,0,0,0,0,0,0,0,0,0,0,0,0
Lachnospiraceae;g,NA;s,sp30728,0,0.001181236882,0.004504207589,0.00251514555,0.0008707662743,0.005575819182,0.001947948268,0,0.006518686902,0.002722522285,0.000561746378,0.003358706168,0.006920492721,0.006398468398,0.003782946122
Lachnospiraceae;g,NA;s,sp32158,0,0.0001464343242,0,0,0.0006305548883,0,0.0001490233647,0,0,0.00115634011,0,0.0002007922166,0,0,0.0001938760467
Lachnospiraceae;g,NA;s,sp32163,0,0,0,0.0005248999409,0,0,0,0,0,0,0,0,0,0,0
Lachnospiraceae;g,NA;s,sp32167,0,0.002801776736,0,0,0,0,0.003544627175,0,0,0.001946749806,0.008295556978,0.009145172773,0,0,0.002769639937
Lachnospiraceae;g,NA;s,sp32171,0,0,0,0,0,0,0,0,0,0,0.0002612773851,0,0,0,0.00003732534073
Lachnospiraceae;g,NA;s,sp32265,0,0.0001854834773,0,0,0,0,0,0,0,0,0,0.002117445193,0,0,0.0003024921704
Lachnospiraceae;g,NA;s,sp32277,0,0.002831063601,0,0.01167902369,0.01399231324,0,0,0.04844900923,0.05575984489,0.005620691169,0.01038577606,0.007630104229,0,0,0.01826363223
Lachnospiraceae;g,NA;s,sp32486,0,0,0,0,0,0,0.0001277343126,0,0,0,0.0004441715547,0,0,0,0.00006345307925
Lachnospiraceae;g,NA;s,sp32490,0,0.0007224093327,0,0,0,0,0,0,0,0.002093121972,0.0003919160777,0.002391252761,0,0,0.0006966129729
Lachnospiraceae;g,NA;s,sp32519,0,0.007839117489,0.001538022104,0.01738731054,0.009908719673,0,0,0,0,0.01308567163,0.005303930918,0.02411331983,0.006942889138,0.04078393833,0.01288996426
Lachnospiraceae;g,NA;s,sp32615-sp32802,0,0,0,0,0,0,0,0,0,0.0006001258801,0,0.005147582279,0,0,0.0008211011656
Lachnospiraceae;g,NA;s,sp32640,0,0.0007224093327,0.008942499945,0.0002624499705,0.01873648811,0,0.0004470700942,0.0008558979147,0,0.0100557678,0.006087763074,0.008451526934,0,0.005667934605,0.00444555576
Lachnospiraceae;g,NA;s,sp32660,0,0,0,0,0,0,0,0,0,0.0007025863962,0.0002351496466,0.0005293612982,0,0,0.0002095853344
Lachnospiraceae;g,NA;s,sp32661,0,0,0,0,0,0,0,0,0,0,0,0.0002372998923,0,0,0.00003389998461
Lachnospiraceae;g,NA;s,sp32738,0,0,0,0,0,0,0,0,0,0.0002781071152,0,0,0,0,0.00003972958788
Lachnospiraceae;g,NA;s,sp32802,0,0.0006247864499,0,0,0.002792457362,0,0.0001916014689,0,0,0.0006586747464,0.0003135328622,0.005494405199,0,0,0.0009238018296
Lachnospiraceae;g,NA;s,sp32815,0,0,0.01322699009,0,0,0,0,0.00116713352,0,0,0,0.001259514813,0,0,0.0003466640476
Lachnospiraceae;g,NA;s,sp32822,0,0.001435056377,0,0,0,0.001838674958,0,0,0,0,0.004311076855,0.0008214227041,0,0,0.0007332142227
Lachnospiraceae;g,NA;s,sp32840,0,0.0005857372968,0,0.001202895698,0.001591400432,0,0,0,0.0003677207996,0.002429777953,0,0.000419838271,0,0,0.0004596195749
Lachnospiraceae;g,NA;s,sp32859,0,0,0,0,0,0,0,0,0,0.0007172236128,0,0,0,0,0.0001024605161
Lachnospiraceae;g,NA;s,sp32888,0,0,0.0009008415178,0,0,0,0.0001277343126,0.002139744787,0,0,0.0001567664311,0,0,0,0.0003280730311
Lachnospiraceae;g,NA;s,sp32907,0,0,0,0,0,0,0,0,0,0.0003366559815,0.0001437025618,0,0,0,0.00006862264905
Lachnospiraceae;g,NA;s,sp32921,0,0,0,0,0,0,0,0,0,0,0,0,0,0.000705342973,0.0001007632819
Lachnospiraceae;g,NA;s,sp33271,0,0.0009859911163,0,0,0,0.02889559914,0,0,0,0,0,0,0.001590145577,0.0225205935,0.003444391296
Lachnospiraceae;g,NA;s,sp33275,0,0,0,0,0,0.002421669457,0.02107616158,0.007456686378,0.003042053888,0,0,0,0.01572228443,0.007481673678,0.004814671197
Lachnospiraceae;g,NA;s,sp33333,0,0.003367989457,0,0.006036349321,0.003483065097,0.006846448218,0.003714939592,0,0.02029150231,0.008723781086,0.009745646466,0.02057207528,0,0.003476333224,0.008972762623
Lachnospiraceae;g,NA;s,sp33357,0,0,0,0,0.03296901273,0,0,0,0,0.01146094059,0,0,0,0,0.001637277227
Lachnospiraceae;g,NA;s,sp33371-sp33375,0,0.002997022502,0,0,0.002822483786,0,0,0,0,0,0.001554600442,0.0005841228118,0,0,0.0003055318933
Lachnospiraceae;g,NA;s,sp33374,0,0.0001171474594,0,0.0006779957571,0,0,0,0,0,0,0,0.001314276327,0,0,0.0001877537609
Lachnospiraceae;g,NA;s,sp33381,0,0.005388783131,0,0,0,0.001450011959,0,0,0.0007688707629,0.0004830281474,0.000404979947,0,0,0,0.0002366969796
Lachnospiraceae;g,NA;s,sp33387,0,0,0.006701382023,0,0,0,0,0,0,0,0,0,0,0,0
Lachnospiraceae;g,NA;s,sp33395,0,0.002547957241,0,0,0.003182800865,0,0,0,0,0.01230989915,0.003553372438,0.005494405199,0,0,0.003051096684
Lachnospiraceae;g,NA;s,sp33422,0.05326044892,0,0,0,0,0,0,0.03079935678,0.00454636625,0,0,0,0.007749160134,0.004660301786,0.006822169279
Lachnospiraceae;g,NA;s,sp33424,0,0,0,0,0,0,0,0,0,0,0.008112662808,0,0,0,0.00115895183
Lachnospiraceae;g,NA;s,sp33439,0,0.0005954995851,0,0,0.001621426856,0,0.0004470700942,0,0,0.001741828774,0,0.0007849150284,0,0,0.0003609634003
Lachnospiraceae;g,NA;s,sp33454,0,0.0007614584859,0,0.001968374779,0.001651453279,0,0.0008515620842,0,0,0.001595456608,0.0005748102473,0.0003468229195,0,0,0.0003595842535
Lachnospiraceae;g,NA;s,sp33454-sp33553,0,0,0,0,0.0009908719673,0,0.0002341795732,0,0,0,0,0.0009309457313,0,0,0.0001329922473
Lachnospiraceae;g,NA;s,sp33470,0,0.001005515693,0,0,0.001561374009,0,0,0,0,0.001009967945,0.002312304858,0.0005111074603,0,0,0.0005476257519
Lachnospiraceae;g,NA;s,sp33473-sp33677,0,0,0,0,0,0,0.0001490233647,0,0,0.0003512931981,0,0,0,0,0.00005018474258
Lachnospiraceae;g,NA;s,sp33517,0,0.0001464343242,0,0.0008967040658,0,0,0,0,0,0.0007757724791,0.001293323056,0,0,0,0.0002955850765
Lachnospiraceae;g,NA;s,sp33553,0,0.0003904915312,0,0,0,0,0.0002128905211,0,0,0.001507633308,0.0006923850706,0,0,0,0.0003142883399
Lachnospiraceae;g,NA;s,sp33592,0,0.0001073851711,0,0,0,0,0,0,0,0,0,0,0,0,0
Lachnospiraceae;g,NA;s,sp33610,0,0.0002147703422,0,0,0,0,0,0,0,0,0.0001437025618,0.0002920614059,0,0,0.00006225199539
Lachnospiraceae;g,NA;s,sp33635,0,0,0,0,0,0,0,0,0,0,0.0006793212014,0,0,0,0.00009704588591
Lachnospiraceae;g,NA;s,sp33654-sp33714,0,0.0002733440719,0,0,0,0,0,0,0,0.0003366559815,0.0004702992932,0.0007118996769,0,0,0.0002169792788
Lachnospiraceae;g,NA;s,sp33656,0,0.0003319178015,0.001076615473,0,0,0,0,0,0,0,0.0008883431095,0,0,0,0.0001269061585
Lachnospiraceae;g,NA;s,sp33667,0,0,0,0,0.000360317079,0,0,0,0,0.0002195582488,0.000509490901,0,0,0,0.0001041498785
Lachnospiraceae;g,NA;s,sp33686,0,0,0,0,0,0,0.0002767576774,0,0,0,0.0001567664311,0,0,0,0.00002239520444
Lachnospiraceae;g,NA;s,sp33692,0,0,0,0,0.004954359837,0,0,0,0,0.0001610093825,0,0,0,0,0.00002300134035
Lachnospiraceae;g,NA;s,sp33707,0,0,0,0.001290379022,0,0.004051064339,0,0,0.004145216287,0,0.0004311076855,0,0.008286674132,0.00377862307,0.002377374453
Lachnospiraceae;g,NA;s,sp33728,0,0,0,0,0,0,0,0,0,0,0,0,0.0006942889138,0,0.00009918413054
Lachnospiraceae;g,NA;s,sp33748,0,0,0.002043372223,0,0,0.004663955991,0,0.004486979977,0,0,0,0,0,0,0.0006409971396
Lachnospiraceae;g,NA;s,sp33749,0,0,0,0,0,0,0,0,0,0,0,0,0,0.0005038164093,0.00007197377276
Lachnospiraceae;g,NA;s,sp33751,0,0.001464343242,0.002350976644,0.006736215909,0.00120105693,0,0.0009580073447,0,0,0.001580819391,0.0003657883392,0.0009309457313,0,0.002116028919,0.0007133689116
Lachnospiraceae;g,NA;s,sp33756,0,0,0.001845626524,0,0,0,0,0,0,0,0,0,0,0,0
Lachnospiraceae;g,NA;s,sp33761,0,0,0,0,0,0,0,0,0,0,0.0002743412544,0.0006571381633,0,0,0.0001330684882
Lachnospiraceae;g,Roseburia-Shuttleworthia;s,sp33189-sp33227,0,0,0,0,0,0,0.0009686518708,0,0,0,0,0,0,0,0
Lachnospiraceae;g,Roseburia;s,faecis-sp33781,0,0.05110557915,0,0,0.001020898391,0,0,0.03164228654,0,0,0.0009797901943,0.00257379114,0.04235162374,0,0.01107821309
Lachnospiraceae;g,Roseburia;s,hominis,0,0,0,0,0,0,0.0003086912555,0,0,0.005137663022,0.00105817341,0,0,0,0.0008851194903
Lachnospiraceae;g,Roseburia;s,intestinalis,0,0.003455850051,0.007228703887,0,0.0009908719673,0,0,0,0,0.0030884527,0.001802813957,0.004928536225,0.05749160134,0,0.009615914889
Lachnospiraceae;g,Roseburia;s,inulinivorans,0,0.001327671206,0,0.006451895108,0,0,0.01470009048,0,0.000668583272,0.0006586747464,0.00245600742,0.01040468759,0,0.005869461168,0.002865344885
Lachnospiraceae;g,Roseburia;s,sp33151,0,0.001659589008,0,0,0.0005104491953,0,0,0,0,0.001610093825,0,0,0,0,0.0002300134035
Lachnospiraceae;g,Roseburia;s,sp33161-sp33189-sp33275,0,0,0,0,0,0.0001943314996,0,0,0,0,0,0,0,0,0
Lachnospiraceae;g,Roseburia;s,sp33171,0,0,0,0.001071670713,0,0,0,0,0,0,0,0,0,0,0
Lachnospiraceae;g,Roseburia;s,sp33175,0,0.004734709816,0,0.01259759858,0.003062695172,0,0,0,0.0250718727,0.0009075074284,0,0.007465819689,0,0,0.004777885688
Lachnospiraceae;g,Roseburia;s,sp33185,0,0,0,0,0.0007206341581,0,0,0,0,0,0.0003788522084,0.0002920614059,0,0,0.00009584480205
Lachnospiraceae;g,Roseburia;s,sp33193,0,0,0,0,0,0,0,0,0,0,0.001201875972,0,0,0,0.0001716965674
Lachnospiraceae;g,Shuttleworthia;s,sp33220,0,0,0,0,0,0,0.001692479642,0,0,0,0,0.001003961083,0,0,0.0001434230118
Lachnospiraceae;g,Tyzzerella;s,sp33289,0,0.0002050080539,0,0,0,0,0,0,0,0.000248832682,0.0002220857774,0.0002190460544,0,0,0.00009856635911
Lachnospiraceae;g,Tyzzerella;s,sp33293,0,0,0,0,0,0,0.001479589121,0,0,0,0,0,0,0,0
Lachnospiraceae;g,Tyzzerella;s,sp33297,0,0,0.000263660932,0,0,0,0,0,0,0,0,0,0,0,0
Lachnospiraceae;g,Tyzzerella;s,sp33302,0,0,0,0,0,0,0.0004683591463,0.0007391845627,0,0,0,0,0,0.002342746303,0.000440275838
NA;g,NA;s,sp30555,0,0.0002050080539,0.001032671984,0,0,0,0,0.0003890445067,0,0.002634698986,0,0,0,0,0.000431963356
NA;g,NA;s,sp31063,0,0,0,0,0,0,0,0,0,0,0,0.0003650767574,0,0,0.00005215382248
NA;g,NA;s,sp31079,0,0,0,0,0,0,0,0,0,0,0.0002482135159,0,0,0,0.0000354590737
Peptococcaceae;g,NA;s,sp34243,0,0,0,0,0,0,0,0,0,0,0.0003004689929,0,0,0,0.00004292414184
Peptococcaceae;g,Peptococcus;s,sp34112,0,0,0,0,0,0,0,0,0,0.0002781071152,0,0,0,0,0.00003972958788
Peptococcaceae;g,Peptococcus;s,sp34114,0,0,0,0,0,0,0,0,0,0,0,0.0004380921089,0,0,0.00006258458698
Peptococcaceae;g,Peptococcus;s,sp34121,0,0,0,0,0.004293778525,0,0,0,0,0,0,0,0,0,0
Peptostreptococcaceae;g,Intestinibacter;s,bartlettii,0,0.00369014497,0.003032100718,0,0,0.001629394882,0.002128905211,0.004188712522,0.003877782978,0,0.002730348675,0.003833305953,0.003180291153,0.002947325994,0.002965395325
Peptostreptococcaceae;g,Peptoclostridium;s,difficile,0.001741486068,0,0,0,0,0,0,0,0,0,0,0,0,0,0
Peptostreptococcaceae;g,Peptoclostridium;s,sp34340,0,0,0,0,0,0,0.0005641598808,0,0,0,0,0,0,0,0
Peptostreptococcaceae;g,Romboutsia;s,ilealis,0,0.01448723581,0,0.003346237124,0.01762551045,0.006039225066,0.000202245995,0.01541913062,0,0.004142332294,0.007577044169,0,0,0,0.003876929583
Peptostreptococcaceae;g,Romboutsia;s,lituseburensis,0,0.003416800898,0,0,0,0,0,0,0,0,0,0,0,0,0
Peptostreptococcaceae;g,Terrisporobacter;s,sp34393,0,0.002118416557,0,0,0,0,0,0.002450980392,0,0,0,0,0,0,0.000350140056
Ruminococcaceae;g,Anaerotruncus;s,sp34437,0,0,0,0,0,0,0,0,0,0,0.0003527244699,0.0003103152438,0,0,0.0000947199591
Ruminococcaceae;g,Anaerotruncus;s,sp34439,0,0,0,0,0,0,0,0,0,0.0002049210322,0.003370478268,0.004727744008,0,0,0.00118616333
Ruminococcaceae;g,Anaerotruncus;s,sp34457-sp34478,0,0,0,0,0,0,0,0,0,0,0.0003657883392,0,0,0,0.00005225547703
Ruminococcaceae;g,Anaerotruncus;s,sp34464,0,0,0,0.0003718041248,0,0,0,0,0,0,0,0.00111348411,0,0,0.0001590691586
Ruminococcaceae;g,Anaerotruncus;s,sp34474,0,0,0,0,0.003212827288,0,0,0,0,0,0.001528472703,0,0,0,0.0002183532433
Ruminococcaceae;g,Anaerotruncus;s,sp34482,0,0,0,0,0,0,0,0,0,0,0.0001698303003,0,0,0,0.00002426147148
Ruminococcaceae;g,Faecalibacterium;s,prausnitzii,0,0.04045492263,0.007887856217,0.1837368502,0.02999639683,0,0.007876949279,0.006289552858,0,0.1044219031,0.04234000026,0.05671467426,0,0,0.02996659007
Ruminococcaceae;g,Faecalibacterium;s,sp34544,0,0.0004100161078,0,0,0,0,0,0,0,0.002737159502,0,0.0004928536225,0,0,0.0004614304463
Ruminococcaceae;g,Faecalibacterium;s,sp34558,0,0.001718162737,0.1226902204,0.1067296547,0.03236848427,0.05912162162,0.0008409175581,0.05651519867,0.07314300996,0.0157057334,0.008857303356,0.006808681525,0.07287793953,0.1196060156,0.05050198314
Ruminococcaceae;g,Flavonifractor;s,plautii,0.01757207817,0,0.001472106871,0.0005030291101,0.0008107134278,0.001524754843,0.003981052744,0.004772279282,0.00250718727,0,0.0004180438162,0.0002555537302,0.001187010078,0.0009320603572,0.001438876362
Ruminococcaceae;g,NA;s,NA,0,0,0,0,0,0,0,0,0,0,0,0.002391252761,0,0,0.0003416075373
Ruminococcaceae;g,NA;s,sp33135,0,0,0,0,0,0,0,0,0,0,0,0.0008579303799,0,0,0.0001225614828
Ruminococcaceae;g,NA;s,sp33136,0,0.002401522917,0.003867027003,0,0.002642325246,0,0.0007344722976,0,0,0.004478988276,0.008164918286,0.01443878575,0,0,0.003868956045
Ruminococcaceae;g,NA;s,sp34734,0,0.0001073851711,0,0,0,0,0,0,0,0,0.0001567664311,0,0,0,0.00002239520444
Ruminococcaceae;g,NA;s,sp34750,0,0,0,0,0,0,0,0,0,0,0.0002482135159,0,0,0,0.0000354590737
Ruminococcaceae;g,NA;s,sp34762,0,0.0003026309367,0,0,0,0,0,0,0,0.000175646599,0,0,0,0,0.00002509237129
Ruminococcaceae;g,NA;s,sp34764,0,0,0.0006152088414,0,0,0,0,0,0,0,0,0,0,0,0
Ruminococcaceae;g,NA;s,sp34773-sp34790,0,0,0,0,0,0,0,0,0,0,0.0006401295936,0.0004563459467,0,0,0.0001566393629
Ruminococcaceae;g,NA;s,sp34790,0,0,0,0,0,0,0,0,0,0,0.0001437025618,0,0,0,0.0000205289374
Ruminococcaceae;g,NA;s,sp34794,0.0003023413313,0,0.0003295761651,0,0,0.0001644343459,0,0,0.0004680082904,0,0,0,0,0,0.0000668583272
Ruminococcaceae;g,NA;s,sp34795,0,0,0.0002856326764,0,0,0,0,0,0,0.001141702894,0.005316994788,0,0,0,0.0009226710973
Ruminococcaceae;g,NA;s,sp34848,0,0,0,0,0,0,0,0.004357298475,0,0,0,0,0,0,0.0006224712107
Ruminococcaceae;g,NA;s,sp34850,0,0,0,0.0008310915732,0,0,0.002448240992,0,0,0,0,0,0.001007838746,0,0.0001439769637
Ruminococcaceae;g,NA;s,sp34851,0,0,0,0,0.001531347586,0,0,0,0,0.0007904096957,0.0004833631625,0,0,0,0.0001819675512
Ruminococcaceae;g,NA;s,sp34857,0,0,0,0,0,0,0,0,0,0,0.0001437025618,0,0,0,0.0000205289374
Ruminococcaceae;g,NA;s,sp34859,0,0.0004197783961,0,0,0,0,0,0,0,0,0,0,0,0,0
Ruminococcaceae;g,NA;s,sp34980,0,0.0004783521257,0,0,0.0007506605813,0,0,0,0,0.0005562142303,0.001789750088,0.01788876111,0,0,0.002890675061
Ruminococcaceae;g,NA;s,sp35036,0,0,0,0,0,0,0,0,0,0.0004683909308,0.0002220857774,0.0003650767574,0,0,0.0001507933522
Ruminococcaceae;g,NA;s,sp35037,0,0,0,0,0.001651453279,0,0,0,0,0.0008343213455,0.0001959580389,0.01223007137,0,0,0.001894335822
Ruminococcaceae;g,NA;s,sp35038-sp35044,0,0.0003514423781,0,0,0,0,0,0,0,0.000922144645,0.008034279593,0.01153642553,0,0,0.002927549967
Ruminococcaceae;g,NA;s,sp35046,0,0.0001269097476,0.0004394348867,0,0.001591400432,0,0,0,0,0.0006147630967,0.003396606007,0.001916652976,0,0,0.0008468602971
Ruminococcaceae;g,NA;s,sp35056,0,0.0007126470445,0,0.001355991514,0.001561374009,0,0,0,0,0.0008928702118,0.001267195318,0.006899950715,0.0002463605823,0,0.001329482404
Ruminococcaceae;g,NA;s,sp35057,0,0,0,0,0,0,0,0,0,0,0,0.00171586076,0,0,0.0002451229657
Ruminococcaceae;g,NA;s,sp35059,0,0.0005954995851,0.0006152088414,0.0006123832644,0,0,0,0,0,0,0.002834859629,0,0,0,0.000404979947
Ruminococcaceae;g,NA;s,sp35067,0,0.0003612046664,0,0,0.0003302906558,0,0,0,0,0.0009367818616,0.001214939841,0.0005841228118,0,0,0.0003908349306
Ruminococcaceae;g,NA;s,sp35073,0,0.0001073851711,0,0,0,0,0,0,0,0,0,0,0,0,0
Ruminococcaceae;g,NA;s,sp35076,0,0,0,0,0,0,0,0,0,0,0,0.0006206304876,0,0,0.00008866149822
Ruminococcaceae;g,NA;s,sp35094,0,0,0,0,0,0,0,0,0,0,0.0004180438162,0.0005476151361,0,0,0.0001379512789
Ruminococcaceae;g,NA;s,sp35100,0,0.0001073851711,0,0,0,0,0,0,0,0.0002634698986,0.0004441715547,0.0009857072449,0,0,0.0002419069569
Ruminococcaceae;g,NA;s,sp35124,0,0,0,0,0,0,0,0,0,0,0.0009405985865,0,0,0,0.0001343712266
Ruminococcaceae;g,NA;s,sp35125,0,0,0.0004614066311,0.0002405791396,0.0009007926976,0,0,0,0,0.0005562142303,0.003370478268,0.006607889309,0,0,0.001504940258
Ruminococcaceae;g,NA;s,sp35138,0,0.0008590813687,0,0,0,0,0,0,0,0.002868894451,0.001018981802,0,0,0,0.0005554108933
Ruminococcaceae;g,NA;s,sp35147-sp35148,0,0,0,0,0.000600528465,0,0.0001703124168,0,0,0.0003073815483,0.0003527244699,0.0003103152438,0,0,0.0001386316089
Ruminococcaceae;g,NA;s,sp35168,0,0,0,0,0,0,0,0,0,0,0.0002220857774,0,0,0,0.00003172653962
Ruminococcaceae;g,NA;s,sp35209,0,0,0,0,0,0,0,0,0,0,0.001214939841,0,0,0,0.0001735628344
Ruminococcaceae;g,NA;s,sp35259,0,0,0,0,0,0,0,0,0,0,0.0001698303003,0,0,0,0.00002426147148
Ruminococcaceae;g,NA;s,sp35297,0,0.0001366720359,0.004658009799,0.002055858102,0.000600528465,0.003004663956,0.0009047847145,0.001063388318,0.0009694457445,0.000673311963,0.01059479797,0.0004928536225,0.01072788354,0.006121369373,0.004377578647
Ruminococcaceae;g,NA;s,sp35363,0,0.0001464343242,0,0,0,0,0,0,0,0,0,0.00162459157,0,0,0.0002320845101
Ruminococcaceae;g,NA;s,sp35375-sp35382-sp35432,0,0,0,0.0007217374188,0,0,0,0,0,0,0,0,0,0,0
Ruminococcaceae;g,NA;s,sp35401,0,0.0001269097476,0,0,0,0,0,0,0,0.001068516811,0,0.0002190460544,0,0,0.0001839375522
Ruminococcaceae;g,NA;s,sp35424,0,0,0,0,0,0,0,0,0,0,0,0.008195973203,0,0,0.001170853315
Ruminococcaceae;g,NA;s,sp35472,0,0.0006833601796,0,0.01673118562,0,0,0,0,0,0,0,0.0486829856,0,0,0.006954712228
Ruminococcaceae;g,NA;s,sp35473,0,0.0004393029726,0,0.01530958161,0,0,0,0,0,0.007640627058,0,0.006461858606,0,0,0.002014640809
Ruminococcaceae;g,NA;s,sp35487,0,0.002108654269,0,0,0.004624069181,0,0,0,0,0.0006147630967,0.002678093198,0,0,0,0.000470408042
Ruminococcaceae;g,NA;s,sp35604,0,0,0,0,0,0,0,0,0,0.0006001258801,0.03034736828,0,0,0,0.004421070595
Ruminococcaceae;g,NA;s,sp35665,0,0,0,0.004636616145,0.004954359837,0,0.001766991325,0,0,0,0,0.01922129128,0,0,0.002745898754
Ruminococcaceae;g,NA;s,sp35667,0,0.001698638161,0,0,0,0,0,0,0,0.001346623926,0,0,0,0,0.0001923748466
Ruminococcaceae;g,NA;s,sp35669,0,0,0,0,0.01017895748,0,0,0,0,0,0,0,0,0,0
Ruminococcaceae;g,NA;s,sp35690,0,0.0004197783961,0.002372948388,0.001093541544,0.000600528465,0.0002541258072,0.0009154292405,0.0002852993049,0,0.0003512931981,0.004441715547,0,0.0007614781635,0.0005290072298,0.0009098276348
Ruminococcaceae;g,NA;s,sp35700,0,0,0,0.0002624499705,0,0,0,0,0,0,0.0005225547703,0,0,0,0.00007465068147
Ruminococcaceae;g,NA;s,sp35758,0,0,0,0,0,0,0,0,0,0,0.0005225547703,0,0,0,0.00007465068147
Ruminococcaceae;g,NA;s,sp35770,0,0,0.0003954913981,0,0.0003903435023,0,0,0.001037452018,0,0,0.0002090219081,0,0,0,0.0001780677037
Ruminococcaceae;g,NA;s,sp35784,0,0,0,0,0.000360317079,0,0,0,0,0,0.0003265967314,0.0003285690816,0,0,0.00009359511615
Ruminococcaceae;g,NA;s,sp35829,0,0.000488114414,0.0009667567508,0.0002843208013,0.0007506605813,0,0.000415136516,0,0,0.0002927443317,0.0002351496466,0.0002372998923,0.0003807390817,0,0.0001637047075
Ruminococcaceae;g,NA;s,sp35834,0,0,0.0009667567508,0,0.000360317079,0,0.0003832029379,0,0,0,0,0,0,0,0
Ruminococcaceae;g,NA;s,sp35859,0,0,0,0,0,0,0.001479589121,0,0,0,0,0,0,0,0
Ruminococcaceae;g,NA;s,sp35860,0,0,0,0,0.004383857795,0,0,0,0,0.000848958562,0,0,0,0,0.0001212797946
Ruminococcaceae;g,NA;s,sp35896,0,0,0,0,0,0,0,0,0,0,0,0.0007301535148,0,0,0.000104307645
Ruminococcaceae;g,Oscillospira;s,sp34659,0,0,0,0,0,0,0,0,0,0,0.0001698303003,0,0,0,0.00002426147148
Ruminococcaceae;g,Oscillospira;s,sp34659-sp35880,0,0,0,0,0,0,0.0008622066103,0,0,0,0,0,0,0,0
Ruminococcaceae;g,Oscillospira;s,sp34661,0,0,0,0,0,0,0.000202245995,0,0,0,0,0,0,0,0
Ruminococcaceae;g,Pseudoflavonifractor;s,capillosus,0,0,0,0,0,0,0,0,0,0,0.0001437025618,0,0,0,0.0000205289374
Ruminococcaceae;g,Ruminiclostridium;s,sp34909,0,0.002303900034,0.003757168282,0.005205257748,0.001951717511,0.009073786176,0.001287987652,0,0.001470883199,0.003908136829,0.004258821378,0.00359600606,0.03354983203,0.01450991259,0.00875622744
Ruminococcaceae;g,Ruminiclostridium;s,sp34921,0,0,0,0.0002405791396,0,0,0,0,0,0,0.0002220857774,0,0,0,0.00003172653962
Ruminococcaceae;g,Ruminiclostridium;s,sp34921-sp34937,0,0.0005174012789,0,0,0,0,0,0,0,0,0.0004964270318,0,0,0,0.00007091814739
Ruminococcaceae;g,Ruminiclostridium;s,sp34934,0,0,0,0,0,0,0,0,0,0,0.0005356186395,0,0,0,0.0000765169485
Ruminococcaceae;g,Ruminiclostridium;s,sp34937,0,0.001903646215,0,0,0,0,0.005407419235,0,0,0.001449084442,0.002769540282,0,0,0,0.0006026606749
Ruminococcaceae;g,Ruminiclostridium;s,sp34945,0,0.0004685898375,0,0,0.0005705020418,0,0,0,0,0,0.001802813957,0,0,0,0.0002575448511
Ruminococcaceae;g,Ruminiclostridium;s,sp34949,0,0,0,0.000349933294,0.000360317079,0,0.0003832029379,0.0001685859529,0,0,0.0001437025618,0.005731705091,0,0,0.000863427658
Ruminococcaceae;g,Ruminiclostridium;s,sp34950,0,0,0,0,0,0,0,0,0,0,0.0006531934628,0,0.0007390817469,0.001486258407,0.0004112190882
Ruminococcaceae;g,Ruminococcus;s,bromii,0,0.05151559526,0.01153516578,0.01465345668,0.004473937065,0,0.01093192826,0,0,0,0.02849229885,0.03497435336,0,0,0.009066664601
Ruminococcaceae;g,Subdoligranulum;s,sp35580-sp35585,0,0.004949480158,0,0,0.03963487869,0,0,0,0,0.01469576545,0.0149581303,0.008177719366,0,0,0.005404516445
Ruminococcaceae;g,Subdoligranulum;s,sp35580-sp35585-variabile,0,0.0008395567921,0,0,0.00120105693,0,0.001809569429,0,0,0.0007757724791,0.0006009379858,0.002938867897,0,0,0.0006165111946
Ruminococcaceae;g,Subdoligranulum;s,sp35582,0,0.01783570069,0,0,0.01666466491,0.006487682373,0.005130661557,0,0,0.002283405788,0.00509490901,0.004654728657,0,0,0.001719006208
Ruminococcaceae;g,Subdoligranulum;s,sp35590,0,0,0.001098587217,0.0004592874483,0,0,0.0005535153547,0.0004279489574,0.0007354415993,0,0.0007185128091,0,0,0.0005290072298,0.0003444157994
Erysipelotrichaceae;g,*Stoquefichus;s,sp36595,0,0,0,0,0,0,0.001649901538,0.009388940761,0,0,0,0,0,0.01448472177,0.003410523218
Erysipelotrichaceae;g,Catenibacterium;s,mitsuokai,0,0.02470835164,0,0,0.03456041316,0,0,0,0,0,0,0,0,0,0
Erysipelotrichaceae;g,Erysipelatoclostridium;s,ramosum,0.01453657121,0,0.000263660932,0,0,0.001464960536,0.003906541061,0.01985423799,0,0,0,0,0.001298992161,0.007809154344,0.0041374835
Erysipelotrichaceae;g,Erysipelatoclostridium;s,sp36616,0.0008344620743,0.0004978767023,0.001516050359,0.001312249852,0.0007506605813,0,0.002565330779,0.0006613756614,0,0,0.0006270657243,0.0002555537302,0.0006047032475,0,0.0003069569091
Erysipelotrichaceae;g,Faecalitalea;s,cylindroides,0,0,0,0,0,0,0.0005748044068,0.006782342567,0,0,0,0,0,0.000755724614,0.00107686674
Erysipelotrichaceae;g,Faecalitalea;s,sp36732,0,0,0.03535253664,0.000349933294,0.0007206341581,0.00110619469,0.001309276704,0,0,0,0.0004833631625,0,0.001522956327,0.01103357936,0.001862842693
Erysipelotrichaceae;g,Faecalitalea;s,sp36732-sp36740,0,0,0.006767297256,0,0,0,0,0,0,0,0,0,0,0,0
Erysipelotrichaceae;g,Holdemanella;s,sp36738,0,0,0,0,0,0,0,0,0,0.01548617515,0,0.01887446836,0,0,0.004908663358
Erysipelotrichaceae;g,Holdemania;s,massiliensis,0,0,0,0,0,0,0.0001490233647,0,0,0,0.0006401295936,0,0,0,0.0000914470848
Erysipelotrichaceae;g,NA;s,sp36686-sp36689,0,0.002665104701,0.03423197768,0.0195525228,0,0.01731045205,0,0,0.01320451962,0.0156179101,0.0132990189,0.007575342716,0.05160134379,0,0.01447116216
Erysipelotrichaceae;g,NA;s,sp36687,0,0.0001464343242,0,0,0,0,0,0,0,0,0,0,0,0,0
Erysipelotrichaceae;g,NA;s,sp36741,0.0178744195,0,0.0002416891877,0,0,0.0003587658455,0.001394432913,0.003371719058,0.001002874908,0,0.00105817341,0,0.0008734602464,0,0.0009008896603
Erysipelotrichaceae;g,Turicibacter;s,sanguinis,0,0.00215746571,0.0007250675631,0,0,0,0.0008515620842,0.001659923229,0,0,0.0003265967314,0.0007666611905,0.0002687569989,0,0.0004317054499
Acidaminococcaceae;g,Acidaminococcus;s,fermentans,0,0.001386244936,0,0,0,0,0,0,0,0,0,0,0,0,0
Acidaminococcaceae;g,Megamonas;s,funiformis,0,0.02269732025,0,0,0,0,0,0,0,0,0,0,0,0,0
Acidaminococcaceae;g,Phascolarctobacterium;s,sp36826-sp36829,0,0,0,0.001859020624,0.01996757146,0.005770150682,0.01232636117,0.03051405747,0.01216821555,0,0.01026820124,0.006826935363,0,0.005793888707,0.009367328333
Acidaminococcaceae;g,Phascolarctobacterium;s,sp36827,0,0,0,0,0,0.005276847644,0,0,0,0,0,0,0,0,0
Acidaminococcaceae;g,Phascolarctobacterium;s,succinatutens,0,0,0,0,0,0,0,0,0,0.01427128617,0,0,0,0,0.002038755167
Veillonellaceae;g,Allisonella;s,histaminiformans,0,0.0009274173866,0.0004833783754,0,0.00120105693,0,0,0,0,0,0.0001437025618,0,0,0,0.0000205289374
Veillonellaceae;g,Dialister;s,invisus,0.001427051084,0,0,0,0,0,0,0,0,0,0,0,0.004748040314,0,0.0006782914734
Veillonellaceae;g,Dialister;s,succinatiphilus,0,0.009684189974,0,0,0,0,0,0,0,0,0,0,0,0,0
Veillonellaceae;g,Megasphaera;s,sp36946,0,0,0.008261375871,0,0.0103290896,0,0,0,0,0,0,0,0,0,0
Veillonellaceae;g,Megasphaera;s,sp36947,0.0002176857585,0,0,0,0,0.001763932074,0,0,0,0,0,0,0,0,0
Veillonellaceae;g,Megasphaera;s,sp36956,0,0.01138282813,0,0,0.001831611818,0,0,0,0,0,0,0,0,0,0
Veillonellaceae;g,Mitsuokella;s,multacida,0,0,0,0,0.005885178957,0,0,0,0,0,0,0,0,0,0
Veillonellaceae;g,Mitsuokella;s,sp36963,0,0,0,0,0.0006605813116,0,0,0,0,0,0,0,0,0,0
Veillonellaceae;g,NA;s,sp37219,0.001874516254,0,0,0,0,0,0,0,0,0,0,0,0,0,0
Veillonellaceae;g,Veillonella;s,atypica,0,0,0.000263660932,0,0,0.001001554652,0,0,0,0,0,0,0,0,0
Veillonellaceae;g,Veillonella;s,denticariosi,0,0,0,0,0,0.0004634058838,0,0,0,0,0,0,0,0,0
Veillonellaceae;g,Veillonella;s,denticariosi-parvula-tobetsuensis,0.002672697368,0,0,0,0,0,0,0,0,0,0,0,0,0,0
Veillonellaceae;g,Veillonella;s,parvula,0.008126934985,0,0.003098015951,0,0,0.001719086343,0,0,0,0,0,0,0.002194848824,0,0.000313549832
Veillonellaceae;g,Veillonella;s,sp37190,0.0001693111455,0,0,0,0,0,0,0,0,0,0,0,0,0,0
Veillonellaceae;g,Veillonella;s,tobetsuensis,0,0,0,0,0,0.00043350873,0,0,0,0,0,0,0,0,0
Fusobacteriaceae;g,Fusobacterium;s,mortiferum,0,0,0,0,0,0,0,0,0.01825232333,0,0,0,0,0.008035871728,0.003755456436
Fusobacteriaceae;g,Fusobacterium;s,varium,0,0,0.001362248149,0,0,0,0.01029325669,0.003631082062,0,0,0,0,0,0.0003022898456,0.0005619102726
Rhizobiaceae;g,Ensifer;s,kostiensis-saheli-terangae,0,0.0001561966125,0,0,0,0,0,0,0,0,0,0,0,0,0
Rhodospirillaceae;g,Thalassospira;s,sp46265,0,0,0,0,0,0,0.001085741657,0,0,0,0,0,0,0,0
Sphingomonadaceae;g,Zymomonas;s,mobilis,0.000145123839,0,0.0003076044207,0,0,0,0,0,0,0,0.0001437025618,0.0002372998923,0,0,0.00005442892202
Alcaligenaceae;g,Parasutterella;s,excrementihominis,0,0.0005076389906,0.005998286204,0.00275572469,0,0.01351351351,0,0.02229225023,0.0005682957812,0.007582078192,0,0,0,0,0.004348946315
Alcaligenaceae;g,Parasutterella;s,sp48235,0,0,0,0,0,0,0.01083612752,0,0,0,0,0,0,0,0
Alcaligenaceae;g,Sutterella;s,sp48268,0,0,0,0,0.002972615902,0,0,0,0,0,0,0,0,0,0
Alcaligenaceae;g,Sutterella;s,sp48272,0,0,0,0,0.0006605813116,0,0,0,0,0,0.006309848851,0,0,0,0.0009014069787
Alcaligenaceae;g,Sutterella;s,sp48277,0.01157362616,0,0,0,0,0,0,0,0,0,0,0,0.002575587906,0,0.0003679411294
Alcaligenaceae;g,Sutterella;s,stercoricanis,0,0,0,0,0,0,0,0,0,0,0,0.0003650767574,0,0,0.00005215382248
Alcaligenaceae;g,Sutterella;s,wadsworthensis,0,0.008707961146,0,0,0,0,0,0,0.009025874173,0,0,0.004892028549,0,0,0.001988271817
Oxalobacteraceae;g,Oxalobacter;s,formigenes,0,0,0,0,0,0,0,0,0,0,0,0.0002555537302,0,0,0.00003650767574
Desulfovibrionaceae;g,Bilophila;s,wadsworthia,0.003482972136,0.001718162737,0,0.0008967040658,0,0.0009118631906,0.01148544361,0.00176366843,0.002941766397,0.00240050352,0.003723202738,0.001387291678,0,0.0011083961,0.001903546981
Desulfovibrionaceae;g,Desulfovibrio;s,piger,0,0.003533948357,0,0,0,0,0,0,0,0,0,0.003486483033,0,0,0.0004980690047
Desulfovibrionaceae;g,Desulfovibrio;s,sp52566,0,0,0,0,0,0,0,0,0,0,0.0004702992932,0,0,0,0.00006718561332
Desulfovibrionaceae;g,Desulfovibrio;s,sp52654,0,0,0,0,0,0,0.0004683591463,0,0,0,0,0,0,0,0
Desulfovibrionaceae;g,Desulfovibrio;s,sp52675,0,0,0,0,0,0,0,0,0,0,0,0.0003468229195,0,0,0.00004954613136
Campylobacteraceae;g,Campylobacter;s,hominis,0,0,0,0,0,0,0,0.000233426704,0,0,0,0,0,0,0.000033346672
Ectothiorhodospiraceae;g,Thioalkalispira;s,sp57802,0,0.0002050080539,0,0,0,0,0.0002341795732,0,0,0,0,0,0,0,0
Enterobacteriaceae;g,Citrobacter;s,braakii-freundii,0.0004595588235,0,0,0,0,0,0,0,0,0,0,0,0,0,0
Enterobacteriaceae;g,Enterobacter-Salmonella;s,NA,0.000532120743,0,0,0,0,0,0,0,0,0,0,0,0,0,0
Enterobacteriaceae;g,Enterobacter;s,aerogenes-asburiae,0,0,0,0,0,0.0001793829227,0,0,0,0,0,0,0,0,0
Enterobacteriaceae;g,Enterobacter;s,cloacae-ludwigii,0.0008949303406,0,0,0,0,0,0,0,0,0,0,0,0,0,0
Enterobacteriaceae;g,Enterobacter;s,cloacae-ludwigii-sp58653,0.0009070239938,0,0,0,0,0,0,0,0,0,0,0,0,0,0
Enterobacteriaceae;g,Enterobacter;s,NA,0,0.0007614584859,0,0,0.0005104491953,0,0,0,0,0,0,0,0,0,0
Enterobacteriaceae;g,Escherichia-Shigella;s,coli,0.03238680341,0.0002342949187,0.004438292356,0.0004374166175,0.001681479702,0.008849557522,0.01678641758,0.002528789294,0.0006017249448,0,0,0.0002555537302,0.00235162374,0.001133586921,0.0009816112328
Enterobacteriaceae;g,Klebsiella;s,pneumoniae,0.0004716524768,0.0001464343242,0,0,0,0,0.0005641598808,0.006030189854,0,0,0.0001567664311,0,0,0,0.0008838508978
Enterobacteriaceae;g,Klebsiella;s,pneumoniae-quasipneumoniae,0.000532120743,0,0,0,0,0,0,0.001789604731,0,0,0,0,0,0,0.0002556578187
Enterobacteriaceae;g,Klebsiella;s,pneumoniae-variicola,0.0009916795666,0.008141748426,0.0003295761651,0,0,0,0.000415136516,0.005628177197,0,0,0,0,0,0,0.0008040253138
Pasteurellaceae;g,Haemophilus;s,parainfluenzae,0.0002781540248,0.0001659589008,0.0007690110518,0,0,0,0,0,0,0,0,0,0.0008958566629,0,0.0001279795233
Moraxellaceae;g,Acinetobacter;s,towneri,0,0,0,0,0,0,0,0.0001945222533,0,0,0,0,0,0,0.00002778889334
Synergistaceae;g,Cloacibacillus;s,porcorum,0,0,0,0,0,0,0,0,0,0,0.0003788522084,0,0,0,0.00005412174406
NA;g,NA;s,sp67927,0,0,0,0,0,0,0,0,0,0,0,0.0002007922166,0,0,0.00002868460237
Verrucomicrobiaceae;g,Akkermansia;s,muciniphila,0,0.0002635817836,0,0,0,0,0,0,0,0,0.02151619267,0,0,0,0.003073741809
None;Other;Other;Other;Other;Other;Other,,,0,0,0,0.0002624499705,0.0003302906558,0,0,0,0,0,0.0003788522084,0.0002007922166,0,0,0.00008280634643
